suburb,lon,lat,sales,median_price
PARRAMATTA,151.0106,-33.811,1234,720000
PORT MACQUARIE,152.9099,-31.4342,1231,778500
DUBBO,148.6038,-32.2473,1149,560000
AUSTRAL,150.812,-33.9331,1147,650000
BLACKTOWN,150.906,-33.7715,1145,845000
ORANGE,149.0963,-33.2831,1139,640000
CASTLE HILL,151.0101,-33.7313,1084,1400000
BANKSTOWN,151.0323,-33.9186,1015,559450
MERRYLANDS,150.9871,-33.836,983,707000
ZETLAND,151.2077,-33.9073,964,1080000
ROUSE HILL,150.9155,-33.6821,946,745000
BOX HILL,150.9004,-33.6466,870,900000
LIVERPOOL,150.9182,-33.9242,852,520000
ORAN PARK,150.7267,-34.0061,834,900000
WOLLONGONG,150.8931,-34.4248,830,750000
GOULBURN,149.7184,-34.7546,819,567500
LIDCOMBE,151.0471,-33.8613,816,850000
RYDE,151.1059,-33.8107,789,855000
EPPING,151.071,-33.7732,763,865000
MOSMAN,151.2403,-33.8285,738,2225000
MARSDEN PARK,150.8321,-33.6978,721,896000
PENRITH,150.6944,-33.7505,716,611100
SYDNEY,151.206,-33.8721,708,1260000
CARLINGFORD,151.0396,-33.7696,691,800000
COFFS HARBOUR,153.1128,-30.2972,684,699000
HURSTVILLE,151.0993,-33.96,683,790000
LEPPINGTON,150.7997,-33.9691,674,854000
DEE WHY,151.2901,-33.7552,655,965000
MACQUARIE PARK,151.1256,-33.7784,647,910000
ARMIDALE,151.6667,-30.515,641,470000
MARRICKVILLE,151.1563,-33.91,640,1210000
AUBURN,151.0217,-33.8642,622,645000
CRONULLA,151.1522,-34.0581,607,1250000
SCHOFIELDS,150.8703,-33.6966,601,942000
KOGARAH,151.1358,-33.9663,599,760000
RANDWICK,151.2383,-33.9106,594,1420000
ST MARYS,150.774,-33.7668,592,640000
SURRY HILLS,151.2116,-33.8879,590,1200000
BAULKHAM HILLS,150.9905,-33.7595,589,1630000
NORTH KELLYVILLE,150.9547,-33.6901,587,1320000
MASCOT,151.186,-33.9331,583,850000
MAROUBRA,151.2412,-33.9463,555,1660000
CAMPSIE,151.1024,-33.9148,541,688000
BROKEN HILL,141.4427,-31.9586,539,175000
CAMPBELLTOWN,150.8125,-34.0674,530,700000
WENTWORTH POINT,151.0784,-33.8248,530,750000
HORNSBY,151.0982,-33.6972,520,752000
MIRANDA,151.1023,-34.0341,516,1020000
KELLYVILLE,150.9608,-33.704,511,1800000
TALLAWONG,150.8843,-33.6911,502,838000
ASHFIELD,151.1257,-33.8879,501,907000
GLEDSWOOD HILLS,150.7805,-34.013,500,857000
HOMEBUSH,151.0822,-33.8657,499,700000
GLENMORE PARK,150.6725,-33.7847,495,995000
NORTH ROTHBURY,151.3474,-32.6787,483,350000
GABLES,150.9007,-33.6307,477,1040000
RHODES,151.0878,-33.8287,476,1020000
FORSTER,152.5116,-32.1805,475,700000
STRATHFIELD,151.0853,-33.8818,474,1000000
CHATSWOOD,151.1886,-33.7946,463,1640000
CARINGBAH,151.125,-34.0354,462,1070000
GRIFFITH,146.0472,-34.288,459,500000
QUAKERS HILL,150.8852,-33.7265,455,1053000
MENANGLE PARK,150.7502,-34.103,445,540000
MANLY,151.2909,-33.8043,436,2230000
GILLIESTON HEIGHTS,151.5277,-32.7645,432,340000
CESSNOCK,151.3569,-32.832,427,601000
BONDI JUNCTION,151.2494,-33.894,427,1820000
GOOGONG,149.2169,-35.4338,425,715000
ALEXANDRIA,151.1888,-33.9123,422,1110000
MOUNT DRUITT,150.8169,-33.7676,421,565000
MELONBA,150.8048,-33.6964,421,1150000
GUILDFORD,150.9846,-33.8537,416,900000
LEICHHARDT,151.1546,-33.883,416,1680000
GRANVILLE,151.0065,-33.8353,415,597500
WESTMEAD,150.9869,-33.8086,415,581000
MOSS VALE,150.3735,-34.5472,412,715000
WATERLOO,151.2073,-33.902,411,940000
REDFERN,151.2069,-33.8954,408,1460000
MUSWELLBROOK,150.8888,-32.2633,407,480000
RIVERSTONE,150.861,-33.6797,402,950000
MOAMA,144.7556,-36.1127,402,396000
ST IVES,151.1725,-33.7191,397,2640000
DULWICH HILL,151.1387,-33.9024,396,1010000
BANORA POINT,153.5403,-28.214,394,940000
LAVINGTON,146.9429,-36.0442,391,455000
TOONGABBIE,150.9503,-33.7873,391,776010
DARLINGHURST,151.2145,-33.8783,391,1157500
NORTH SYDNEY,151.2069,-33.8389,390,1390000
NEWCASTLE,151.7748,-32.9267,387,900000
INGLEBURN,150.8646,-33.9978,381,840000
WEST RYDE,151.0856,-33.8108,378,916300
UMINA BEACH,151.314,-33.5215,378,1050000
WERRINGTON,150.7539,-33.7575,377,524459
TAREE,152.4599,-31.9142,377,470000
SUTHERLAND,151.0577,-34.0318,376,780000
LANE COVE NORTH,151.1665,-33.8063,367,938000
EASTWOOD,151.0829,-33.7923,367,2160000
WENTWORTHVILLE,150.9695,-33.8073,365,635000
BARANGAROO,151.2014,-33.8598,364,3350000
WILTON,150.6964,-34.2404,360,670000
PADDINGTON,151.2287,-33.8847,354,2775000
ROSEBERY,151.205,-33.9184,354,1000000
GREYSTANES,150.953,-33.8297,353,1288888
TWEED HEADS,153.5446,-28.174,353,909000
THRUMSTER,152.8344,-31.4568,353,445000
BOWRAL,150.4181,-34.4768,351,1450000
CHISHOLM,151.6366,-32.7506,350,547320
BEXLEY,151.1149,-33.9559,349,1145000
GREENACRE,151.0605,-33.9048,347,1300000
CHARLESTOWN,151.6927,-32.9651,346,830000
ROCKDALE,151.1395,-33.952,346,740000
COOGEE,151.254,-33.9169,346,1671000
THURGOONA,146.9935,-36.0445,346,580000
EDMONDSON PARK,150.8623,-33.9606,344,950000
RUTHERFORD,151.5271,-32.7146,344,670000
NEWTOWN,151.1768,-33.8984,342,1465000
HORSLEY,150.778,-34.491,341,589000
ENGADINE,151.0191,-34.0639,341,1275000
SEVEN HILLS,150.9345,-33.7752,336,1086000
NEUTRAL BAY,151.2169,-33.8353,335,1291000
PUNCHBOWL,151.052,-33.9313,335,916000
MUDGEE,149.5886,-32.591,335,650000
LAKEMBA,151.0774,-33.9229,334,465000
COBBITTY,150.6773,-34.015,334,670900
GOSFORD,151.3403,-33.4226,333,575000
GOONELLABAH,153.3222,-28.8239,331,615000
WAHROONGA,151.1259,-33.7143,326,2300000
GUNNEDAH,150.2589,-30.9897,326,445000
BURWOOD,151.1031,-33.8802,324,1050000
BELLEVUE HILL,151.2537,-33.8822,316,2910000
CABRAMATTA,150.938,-33.8956,316,495000
CREMORNE,151.2236,-33.8271,316,1500000
PARKES,148.1745,-33.1375,314,435000
BOTANY,151.1997,-33.9472,310,1050000
WALLSEND,151.6659,-32.9029,307,725000
BONDI BEACH,151.27,-33.89,306,1886000
JORDAN SPRINGS,150.7299,-33.7239,306,920000
ERSKINEVILLE,151.1843,-33.9024,305,1200000
MAYFIELD,151.7385,-32.8989,304,868500
FAIRFIELD,150.9555,-33.8685,302,770000
KINGSWOOD,150.7203,-33.761,302,685000
RAYMOND TERRACE,151.7422,-32.7641,300,620000
MOOREBANK,150.9266,-33.9398,296,1200000
GRAFTON,152.9331,-29.6872,296,468000
MEDOWIE,151.8675,-32.7415,296,760000
TAHMOOR,150.5934,-34.2231,293,820000
INVERELL,151.1112,-29.7737,292,380000
YOUNG,148.2955,-34.3135,292,430000
DRUMMOYNE,151.1524,-33.8535,291,1805000
KIRRAWEE,151.0715,-34.0321,291,1315000
REVESBY,151.0165,-33.9594,291,1390000
WOOLOOWARE,151.1414,-34.0483,290,950000
POTTS POINT,151.2252,-33.8681,286,882000
ELIZABETH BAY,151.2277,-33.8719,286,1295000
PADSTOW,151.0318,-33.9563,285,1400000
EAST MAITLAND,151.5815,-32.7467,284,675000
LANE COVE,151.1659,-33.8165,284,1070000
GLADESVILLE,151.1261,-33.8256,284,1200000
ST LEONARDS,151.1925,-33.824,283,1170000
ROSE BAY,151.2712,-33.8769,283,3100000
PYRMONT,151.1939,-33.8697,282,1200000
WOONGARRAH,151.4728,-33.2408,281,745000
WAGGA WAGGA,147.3568,-35.1172,280,638000
COWRA,148.6912,-33.8347,280,445000
GILEAD,150.7706,-34.1313,280,580000
ALBION PARK,150.775,-34.5707,276,830000
YAMBA,153.3591,-29.4378,276,802989
CARINGBAH SOUTH,151.1214,-34.055,276,2150000
KINGSCLIFF,153.5749,-28.255,271,1430000
BONDI,151.2622,-33.8952,271,1635000
YAGOONA,151.0108,-33.9041,269,1060000
MEREWETHER,151.7519,-32.943,269,1450000
WOLLI CREEK,151.1513,-33.932,265,770000
THORNTON,151.6388,-32.7769,265,750000
CAMPERDOWN,151.1819,-33.889,262,961000
KELSO,149.6042,-33.4187,261,708000
MONA VALE,151.3032,-33.6731,260,2133000
BRADBURY,150.8143,-34.0846,260,790000
NELSON BAY,152.1431,-32.7237,256,835000
TERRIGAL,151.4381,-33.44,256,1500000
SANS SOUCI,151.1285,-33.9982,256,1240000
TULLIMBAR,150.75,-34.5766,255,785000
CASINO,153.0456,-28.8647,253,460000
BELMORE,151.09,-33.9218,251,749500
ST CLAIR,150.7901,-33.7952,250,995000
ERMINGTON,151.0562,-33.81,250,1710000
GREGORY HILLS,150.7752,-34.0294,249,955000
WOY WOY,151.3206,-33.4936,249,850000
SHELL COVE,150.8621,-34.5906,249,1300000
CHIPPENDALE,151.198,-33.8874,248,855000
NORTH RYDE,151.1244,-33.7968,247,2121000
BALMAIN,151.1775,-33.8588,247,2250000
CASULA,150.9044,-33.9504,247,955000
EDGEWORTH,151.622,-32.9237,243,577500
DAPTO,150.7928,-34.4939,241,780000
PEAKHURST,151.0565,-33.9639,239,1300000
KENSINGTON,151.2187,-33.9146,238,1175000
BALLINA,153.5548,-28.8682,237,775000
BYRON BAY,153.6122,-28.6434,236,1700000
PENSHURST,151.0857,-33.965,236,755000
NOWRA,150.6022,-34.8786,236,635000
ARNCLIFFE,151.1457,-33.9392,236,960000
DENILIQUIN,144.9627,-35.5315,234,325000
MARSFIELD,151.1029,-33.7801,234,1251000
LOCHINVAR,151.4505,-32.6999,234,394900
KINGSFORD,151.2304,-33.9262,233,1200000
TUNCURRY,152.5001,-32.1763,233,615000
TURRAMURRA,151.1308,-33.7332,232,2400000
WEST PENNANT HILLS,151.0413,-33.741,231,2425000
SPRING FARM,150.7122,-34.0682,230,985000
LEETON,146.4064,-34.5522,230,376000
WILLOUGHBY,151.1993,-33.8071,229,1670000
KILLARA,151.1567,-33.7655,229,1350000
THE PONDS,150.9094,-33.7156,229,1562500
COORANBONG,151.4539,-33.0766,228,775000
NORTH PARRAMATTA,151.0071,-33.7925,227,691000
LINDFIELD,151.1645,-33.7787,226,2605000
CRANEBROOK,150.7096,-33.7147,226,905000
KIAMA,150.8547,-34.6704,226,1200000
PYMBLE,151.1413,-33.7452,225,2940000
GLEBE,151.1864,-33.8791,225,1511000
EARLWOOD,151.1256,-33.9241,225,2011000
TWEED HEADS SOUTH,153.5382,-28.1978,224,735000
MOREE,149.8416,-29.463,223,315000
WAITARA,151.1042,-33.7108,222,750000
SMITHFIELD,150.9406,-33.8535,222,1181000
ANNANDALE,151.1719,-33.8787,222,1980000
BATHURST,149.5816,-33.4174,222,600000
HAMLYN TERRACE,151.4763,-33.2492,221,852500
AVALON BEACH,151.3305,-33.6345,221,2550000
WARRIEWOOD,151.2908,-33.6856,218,1780000
CONCORD,151.1041,-33.8577,218,2480000
CANTERBURY,151.1144,-33.9165,217,750000
NORTHMEAD,150.9954,-33.7891,216,1025000
CAMMERAY,151.212,-33.8222,216,1560000
MORTDALE,151.0757,-33.969,214,818500
PANANIA,150.999,-33.9563,214,1416000
WOONONA,150.9149,-34.3493,213,1200000
ULTIMO,151.1966,-33.8805,212,755000
HARRINGTON PARK,150.7362,-34.0293,212,1419500
CATHERINE FIELD,150.7645,-33.9933,211,1045000
FORBES,148.0017,-33.384,210,445000
CHERRYBROOK,151.0455,-33.7207,208,2300000
SANCTUARY POINT,150.624,-35.1049,208,670000
BATEAU BAY,151.4704,-33.3817,208,1075000
NEW LAMBTON,151.7106,-32.9293,207,1001000
CAMERON PARK,151.6139,-32.9107,206,870000
NAMBUCCA HEADS,152.9858,-30.6375,204,579000
